user_id,anime_id,rating
125,13601,9
125,32282,10
125,28171,10
125,16498,10
125,199,8
125,34612,10
125,205,10
125,30015,10
125,31559,6
125,31240,10
125,30806,5
125,5958,8
125,226,8
125,30911,8
125,2001,9
125,32615,9
125,20583,9
125,10087,10
125,27631,9
125,18507,7
125,11741,10
125,22135,9
125,31710,6
125,31339,9
125,8407,7
125,245,10
125,16894,9
125,30276,9
125,31163,8
125,13331,9
125,12413,9
125,10408,9
125,5680,8
125,8525,9
125,10080,9
125,16706,9
125,32281,10
125,8841,6
125,28623,7
125,11771,9
125,24415,10
125,34599,10
125,31741,9
125,18115,8
125,32182,10
125,164,9
125,457,9
125,21939,10
125,24701,10
125,28957,9
125,19815,10
125,33674,10
125,30503,8
125,12355,9
125,1535,9
125,28891,9
125,19163,7
125,15583,7
125,24655,6
125,777,10
125,1,10
125,2904,10
125,1575,10
125,33486,9
125,31964,9
791,16498,10
791,33502,10
791,33969,10
791,15751,10
791,18523,10
791,17391,10
791,34240,10
791,36684,10
791,19285,10
791,18397,10
791,21843,9
791,8063,10
791,23209,10
791,26243,9
791,28927,9
791,1943,10
791,4026,9
791,20159,10
791,35848,10
791,39991,10
791,40313,10
791,13601,10
791,18413,10
791,33926,9
791,37078,9
791,34549,10
791,12477,10
791,13429,9
791,9926,10
791,11123,10
791,199,10
791,31402,7
791,41353,10
791,19211,10
791,41688,10
791,4224,10
791,523,10
791,16866,10
791,14227,10
791,43288,8
791,33037,9
791,38669,8
791,10321,10
791,12711,10
791,19251,10
791,31178,10
791,21439,10
791,34368,10
791,42950,8
791,40911,9
791,23283,9
791,23319,10
791,11757,10
791,21881,10
791,27891,10
791,20021,10
791,30911,10
791,16524,10
791,34086,10
791,8449,7
791,2236,10
791,22319,10
791,27899,6
791,34863,10
791,5300,10
791,2150,9
791,9332,7
791,15809,9
791,28891,10
791,164,9
791,30307,10
791,20,10
791,8246,10
791,10589,10
791,13667,10
791,21563,10
791,33219,8
791,27991,10
791,31344,9
791,16904,9
791,14467,9
791,37208,10
791,34777,10
791,25649,9
791,4814,9
791,20767,10
791,12355,10
791,3092,9
791,39534,10
791,21235,9
791,11135,10
791,24211,10
791,25303,9
791,2571,10
791,20583,9
791,6553,10
791,21603,6
791,23387,8
791,40496,8
791,21415,10
791,17247,10
791,21105,10
791,41466,5
791,16916,10
791,17259,10
791,19669,9
791,15487,10
791,24415,10
791,22673,10
791,16894,10
791,11771,10
791,34712,8
791,43,10
791,31815,9
791,8634,10
791,35079,10
791,47398,8
791,572,10
791,33018,10
791,9023,10
791,33740,10
791,8532,10
791,1604,10
791,7711,10
791,142,9
791,435,8
791,39463,8
791,24455,8
791,2951,10
791,28907,10
791,14353,9
791,10259,10
791,1482,10
791,31553,10
791,28999,10
791,6280,9
791,34944,10
791,31043,10
791,8247,10
791,2889,10
791,269,10
791,28805,10
791,1535,10
791,38464,8
791,11737,8
791,9919,10
791,28981,5
791,41433,10
791,4081,10
791,597,7
791,19815,10
791,6987,5
791,24991,9
791,10161,10
791,20507,10
791,30503,10
791,30205,10
791,28223,10
791,874,7
791,5593,10
791,25183,9
791,9135,9
791,430,10
791,5114,10
791,121,10
791,41120,9
791,19671,10
791,22265,10
791,18507,10
791,36685,10
791,1361,9
791,38084,9
791,34321,9
791,34662,10
791,18393,10
791,9982,10
791,17535,10
791,12049,10
791,6702,10
791,27831,10
791,30191,10
791,23199,10
791,27833,10
791,8408,10
791,6746,10
791,25567,9
791,38691,10
791,40074,8
791,27857,9
1381,578,10
1381,8074,10
1381,431,10
1381,20583,10
1381,34542,9
1381,37999,10
1381,7054,10
1381,34933,10
1381,37086,10
1381,10408,10
1381,16894,10
1381,6045,9
1381,30503,10
1381,20507,10
1381,1735,10
1381,12979,10
1381,20,10
1381,32182,10
1381,38000,10
1381,245,10
1381,16782,10
1381,34984,10
1381,28851,10
1381,36098,10
1381,32281,10
1381,9656,9
1381,11771,10
1381,39533,9
1381,36456,10
1381,34382,9
1381,35788,10
1381,32282,10
1381,28171,10
1381,16498,10
1381,23273,10
1381,199,10
1381,37450,9
1381,30276,10
1381,23673,9
1381,27775,10
1381,30240,10
1381,30015,10
1381,35466,10
1381,33255,10
1381,35222,10
1381,36949,10
1381,170,10
1381,12355,10
1381,16870,10
1381,14289,10
1381,31964,10
1381,36873,10
1381,37171,10
1381,33486,10
1381,9989,10
1381,22199,10
1381,21995,10
1381,1689,9
1381,36793,10
1381,31646,10
1381,37779,10
1381,37786,10
1381,35968,10
1381,4224,9
1381,22319,10
4360,9989,10
4360,31404,9
4360,442,8
4360,20,9
4360,593,8
4360,857,8
4360,101,9
4360,6547,9
4360,394,8
4360,25397,9
4360,30307,10
4360,591,9
4360,6166,8
4360,1224,7
4360,886,9
4360,53,9
4360,11111,9
4360,14967,9
4360,7817,9
4360,28999,10
4360,4975,9
4360,59,9
4360,4186,9
4360,2167,10
4360,1723,8
4360,4181,10
4360,17827,9
4360,127,9
4360,21431,10
4360,31338,9
4360,10719,9
4360,9041,10
4360,11633,8
4360,269,9
4360,2159,8
4360,12113,7
4360,10218,7
4360,2986,9
4360,1530,8
4360,9471,8
4360,8516,9
4360,10620,8
4360,6347,9
4360,31043,8
4360,22877,10
4360,4744,8
4360,180,9
4360,181,9
4360,392,10
4360,764,9
4360,2404,8
4360,11757,10
4360,102,8
4660,22789,8
4660,1535,8
4660,16918,9
4660,12189,8
4660,9756,8
4660,10620,8
4660,9253,10
4660,11577,8
53686,12711,7
53686,16868,7
53686,12445,7
53686,21353,6
53686,16011,8
53686,10321,7
53686,18507,7
53686,11123,7
53686,9926,7
53686,10687,6
53686,21339,8
53686,13601,10
53686,907,6
53686,28927,8
53686,26243,7
53686,853,9
53686,23673,7
53686,3457,7
53686,14289,8
53686,4752,7
53686,22789,9
53686,202,8
53686,1686,7
53686,269,8
53686,889,8
53686,20787,7
53686,14751,7
53686,20767,7
53686,2889,8
53686,13863,5
53686,11266,7
53686,9919,8
53686,24151,8
53686,21995,8
53686,29513,6
53686,22265,8
53686,10647,6
53686,4835,8
53686,762,7
53686,834,6
53686,1023,8
53686,14813,8
53686,32995,8
53686,13807,3
53686,16934,7
53686,21797,6
53686,18671,7
53686,15687,6
53686,14741,8
53686,20479,5
53686,16157,5
53686,38003,8
53686,32867,8
53686,31478,7
53686,15605,6
53686,15933,5
53686,30503,8
53686,23281,7
53686,24991,6
53686,18055,8
53686,6895,7
53686,9065,7
53686,9723,7
53686,11617,6
53686,15451,6
53686,15613,8
53686,30300,5
53686,13357,5
53686,22835,2
53686,11005,5
53686,9911,5
53686,20457,6
53686,25159,7
53686,12729,5
53686,32935,10
53686,28891,9
53686,20583,8
53686,26213,7
53686,20507,8
53686,19671,6
53686,27821,9
53686,31389,7
53686,28701,9
53686,22297,9
53686,25537,8
53686,12565,7
53686,34321,7
53686,20919,4
53686,27417,5
53686,17513,5
53686,17121,7
53686,15037,4
53686,11013,7
53686,13403,7
53686,8187,5
53686,4814,7
53686,8634,6
53686,4898,7
53686,9136,7
53686,22145,8
53686,23317,8
53686,6793,6
53686,28851,9
53686,14349,7
53686,19769,5
53686,20785,8
53686,16890,7
53686,14293,7
53686,19815,9
53686,3092,7
53686,15051,7
53686,31798,8
53686,32526,7
53686,4282,9
53686,16035,7
53686,14467,7
53686,16904,8
53686,27991,8
53686,7054,8
53686,10298,7
53686,9366,7
53686,14713,8
53686,25649,6
53686,25681,8
53686,18661,7
53686,1004,6
53686,2593,8
53686,3782,8
53686,3783,8
53686,4280,8
114440,31181,8
114440,26243,6
114440,37675,7
114440,35073,6
114440,7338,8
114440,4182,7
114440,2025,7
114440,12893,6
114440,11843,9
114440,16355,4
114440,26349,7
114440,23755,8
114440,29976,6
114440,36847,1
114440,32370,8
114440,29803,7
114440,853,8
114440,8476,8
114440,38555,8
114440,15037,6
114440,16067,8
114440,41168,6
114440,877,8
114440,16592,5
114440,6747,8
114440,36517,5
114440,1174,5
114440,36275,9
114440,10379,9
114440,11665,9
114440,597,8
114440,15689,8
114440,3615,7
114440,14293,5
114440,36038,7
114440,1,7
114440,34591,9
114440,1210,6
114440,31452,5
114440,20767,6
114440,30885,6
114440,30503,8
114440,20507,9
114440,19815,7
114440,11597,8
114440,27787,6
114440,18897,7
114440,7592,7
114440,34534,9
114440,32983,9
114440,4081,9
114440,31414,6
114440,457,8
114440,28297,7
114440,32729,8
114440,6007,5
114440,6884,5
114440,5341,5
114440,2966,7
114440,23673,8
114440,12355,9
114440,521,6
114440,330,7
114440,34577,7
114440,39701,7
114440,30016,7
114440,13807,6
114440,10029,8
114440,8142,6
114440,31456,4
114440,38397,4
114440,20,8
114440,24211,6
114440,1482,9
114440,33486,8
114440,1575,7
114440,31580,7
114440,30123,8
114440,31173,7
114440,22199,7
114440,37561,4
114440,25013,6
114440,47,7
114440,16201,6
114440,41433,5
114440,19429,5
114440,2225,6
114440,37320,2
114440,15085,5
114440,20655,7
114440,6547,8
114440,9989,9
114440,15039,8
114440,11111,7
114440,24833,8
114440,30654,8
114440,21995,8
114440,9919,9
114440,33506,7
114440,34465,7
114440,40532,6
114440,38753,8
114440,7647,6
114440,102,6
114440,857,8
114440,101,6
114440,34881,6
114440,5525,6
114440,6682,3
114440,31646,7
114440,35180,7
114440,36793,6
114440,32998,7
114440,9776,5
114440,33337,7
114440,11759,6
114440,12291,5
114440,16273,5
114440,17074,7
114440,15315,6
114440,12967,7
114440,37510,7
114440,16762,8
114440,10620,8
114440,585,8
114440,32977,7
114440,37985,8
114440,40215,7
114440,6573,8
114440,34134,6
114440,30276,9
114440,21557,9
114440,350,6
114440,10049,8
114440,15959,7
114440,32182,7
114440,11703,6
114440,40128,7
114440,37996,6
114440,31043,8
114440,31964,7
114440,36456,8
114440,38408,6
114440,36896,7
114440,10719,7
114440,28755,7
114440,11241,7
114440,15605,5
114440,31478,8
114440,32867,7
114440,38003,8
114440,34944,7
114440,41468,5
114440,1689,9
114440,36828,5
114440,5356,6
114440,232,7
114440,37435,6
114440,28999,6
114440,2981,5
114440,59,7
114440,60,8
114440,14741,8
114440,34382,5
114440,4181,8
114440,1818,8
114440,40060,7
114440,405,7
114440,10681,6
114440,10490,4
114440,38002,7
114440,104,6
114440,32827,8
114440,37525,6
114440,2251,6
114440,28805,9
114440,5081,8
114440,7674,7
114440,34636,7
114440,36649,9
114440,39195,10
114440,36516,5
114440,38020,4
114440,37171,9
114440,37277,4
114440,530,8
114440,14751,6
114440,31733,5
114440,1498,7
114440,20787,6
114440,889,7
114440,18767,4
114440,269,8
114440,762,8
114440,834,7
114440,34618,7
114440,11633,8
114440,150,6
114440,39221,4
114440,35849,7
114440,164,10
114440,19163,5
114440,22535,9
114440,5717,8
114440,1579,8
114440,38594,6
114440,42091,7
114440,38524,10
114440,36098,8
114440,32281,9
114440,38000,8
114440,34964,5
114440,18679,8
114440,34501,5
114440,37106,4
114440,34451,8
114440,6205,7
114440,16662,7
114440,1691,7
114440,6594,7
114440,469,7
114440,7711,8
114440,5205,9
114440,5204,9
114440,4282,9
114440,15583,4
114440,3783,9
114440,3782,9
114440,24439,8
114440,2593,9
114440,31798,8
114440,31757,9
114440,35255,4
114440,3588,7
114440,22101,7
114440,39575,8
114440,4722,8
114440,37569,7
114440,33502,6
114440,5262,7
114440,7082,7
114440,43,6
114440,16782,6
114440,8841,7
114440,9260,9
114440,30831,8
114440,11887,8
114440,34934,5
114440,28851,10
114440,2923,7
114440,441,9
114440,13125,8
114440,12367,7
114440,169,5
114440,36106,7
114440,25781,9
114440,5678,8
114440,31758,9
114440,28725,7
114440,16009,6
114440,25681,8
114440,30709,7
114440,10298,7
114440,38329,8
114440,37450,8
114440,10073,5
114440,6500,4
114440,2605,9
114440,35851,9
114440,35994,5
114440,11499,7
114440,30187,6
114440,12477,7
114440,32542,8
114440,9366,7
114440,15771,8
114440,2993,6
114440,1699,8
114440,28497,4
114440,38992,6
114440,941,5
114440,39587,8
114440,36286,8
114440,38414,8
114440,31240,8
114440,2246,8
114440,19315,1
114440,35848,8
114440,40392,5
114440,8675,6
114440,10119,6
114440,20847,6
114440,14713,8
114440,142,7
114440,21563,7
114440,1808,5
114440,40221,7
114440,35760,9
114440,25777,9
114440,18397,6
114440,16498,10
114440,30736,9
114440,21843,8
114440,100,6
114440,884,6
114440,7724,8
114440,4581,7
114440,23273,8
114440,34240,6
114440,339,8
114440,38787,8
114440,35251,4
114440,199,10
114440,427,8
114440,36754,7
114440,37086,6
114440,34933,7
114440,37981,7
114440,9926,5
114440,3470,8
114440,30240,8
114440,7705,8
114440,30484,8
114440,39710,5
114440,37585,4
114440,1562,8
114440,28677,6
114440,37779,9
114440,23847,8
114440,14813,7
114440,41094,6
114440,37936,7
114440,35968,7
114440,935,7
114440,32899,6
114440,8861,5
114440,37095,7
114440,33352,10
114440,4752,7
114440,3457,7
114440,543,6
114440,7058,7
114440,27387,6
114440,34498,6
114440,34902,8
114440,5365,7
114440,28025,7
114440,6,7
114440,10717,7
114440,39741,8
114440,10716,7
114440,32615,6
114440,4548,6
114440,21603,8
114440,32438,6
114440,33487,6
114440,512,8
114440,40571,7
114440,32902,7
114440,35062,8
114440,20785,5
114440,36266,3
114440,9756,8
114440,2044,6
114440,31245,6
114440,35507,7
114440,37976,8
114440,18115,8
114440,36862,8
114440,34599,8
114440,3354,3
114440,2404,4
114440,36999,7
114440,5300,9
114440,1195,7
114440,23283,9
114440,40911,8
114440,32995,5
114440,9331,8
114440,14513,8
114440,10715,7
114440,10714,7
114440,10713,7
114440,22319,8
114440,21353,6
114440,2236,8
114440,8129,6
114440,41353,6
114440,513,6
114440,38826,8
114440,35790,7
114440,12445,7
114440,32093,7
114440,21647,6
114440,620,6
114440,27899,8
114440,4382,7
114440,19841,5
114440,14289,6
114440,433,6
114440,32268,7
114440,34544,7
114440,33520,8
114440,33519,8
114440,28623,8
114440,855,6
114440,2418,8
114440,32188,8
114440,11577,8
114440,849,8
114440,36511,5
114440,37799,5
114440,759,9
114440,10294,7
114440,508,7
114440,11553,6
114440,2034,8
114440,21105,7
114440,19489,7
114440,2542,7
114440,690,7
114440,28675,7
114440,25015,7
114440,18153,6
114440,8560,7
114440,39017,6
114440,32949,8
114440,23317,7
114440,22145,7
114440,31812,8
114440,6707,7
114440,4898,7
114440,5079,7
114440,416,7
114440,4224,8
114440,523,8
114440,18139,7
114440,16866,7
114440,14227,8
114440,687,7
114440,9253,9
114440,907,7
114440,4280,8
114440,37598,4
114440,21855,7
114440,20689,7
114440,16528,6
114440,9065,6
114440,6895,7
114440,35228,4
114440,33378,5
114440,31859,8
114440,10417,5
114440,28791,6
114440,10793,7
114440,23251,8
114440,243,6
114440,37105,8
114440,34279,6
114440,17895,6
114440,10711,7
114440,37989,8
114440,36028,7
114440,6880,8
114440,14353,7
114440,1535,9
114440,21431,7
114440,27631,5
114440,39463,6
114440,40421,7
114440,39533,8
114440,37517,5
114440,20903,7
114440,15809,8
114440,37141,8
114440,34542,7
114440,249,8
114440,11013,8
114440,12189,9
114440,431,9
114440,40230,6
114440,35557,8
114440,578,7
114440,24471,6
114440,37029,8
114440,35075,8
114440,20431,9
114440,8768,7
114440,1140,8
114440,33421,3
114440,12461,6
114440,934,8
114440,9515,4
114440,8074,7
114440,6372,6
114440,5630,5
114440,8630,5
114440,27989,8
114440,38476,7
114440,777,9
114440,270,8
114440,38816,7
114440,39586,6
114440,36296,6
114440,38472,7
114440,18411,7
114440,9379,7
114440,2471,8
114440,38668,7
114440,37520,9
114440,30346,8
114440,3312,7
114440,38691,9
114440,120,8
114440,9367,5
114440,18507,6
114440,227,8
114440,317,7
114440,11741,7
114440,10087,7
114440,356,6
114440,39063,6
114440,790,6
114440,38671,7
114440,226,7
114440,27831,8
114440,23199,8
114440,27833,8
114440,6746,8
114440,37348,7
114440,40454,8
114440,37347,7
114440,28121,8
114440,223,8
114440,37982,5
114440,38680,9
114440,32271,3
114440,27417,4
114440,476,7
114440,32936,4
114440,23289,8
114440,28907,7
114440,32071,6
114440,25183,7
114440,10638,6
114440,31737,5
114440,30544,7
114440,74,7
114440,24765,7
114440,2890,7
114440,4725,7
114440,28223,8
114440,123,7
114440,121,9
114440,122,8
114440,72,8
114440,73,7
114440,31931,7
114440,71,8
114440,33203,6
114440,41120,7
114440,40417,9
114440,35120,7
114440,35928,4
114440,17513,4
114440,29974,4
114440,5114,9
114440,39988,7
114440,10408,8
114440,37306,6
114440,39534,7
114440,36220,5
114440,36124,5
114440,3731,8
114440,7054,8
114440,40591,8
114440,37999,8
114440,16664,8
114440,37307,6
114440,33248,6
114440,37305,6
114440,37304,6
114440,617,7
114440,35076,6
114440,14467,6
114440,16904,6
114440,27991,6
114440,35247,7
114440,1943,7
114440,37303,6
114440,437,7
114440,37522,6
114440,228,7
114440,322,8
114440,35639,7
122417,11227,5
122417,34881,5
122417,36904,6
122417,35120,7
122417,552,3
122417,24,6
122417,2605,8
122417,11499,5
122417,205,8
122417,13759,7
122417,12531,8
122417,33255,8
122417,35180,10
122417,31646,9
122417,1122,2
122417,1709,3
122417,5526,4
122417,13601,8
122417,19315,1
122417,31240,8
122417,30123,6
122417,21561,5
122417,44,7
122417,45,5
122417,2993,5
122417,28497,5
122417,1118,2
122417,6675,9
122417,3702,8
122417,47,6
122417,31964,8
122417,33486,8
122417,10719,3
122417,14967,2
122417,21405,6
122417,33988,6
122417,28223,6
122417,1535,7
122417,31043,5
122417,31478,4
122417,28999,4
122417,14741,4
122417,6351,5
122417,11843,7
122417,5,7
122417,1,9
122417,1818,4
122417,4059,5
122417,10163,1
122417,11633,5
122417,68,3
122417,530,5
122417,22729,5
122417,32828,5
122417,22147,6
122417,30206,6
122417,6547,5
122417,10067,1
122417,9989,8
122417,15039,5
122417,11433,5
122417,30654,7
122417,9919,3
122417,66,8
122417,2391,1
122417,9471,2
122417,7674,6
122417,10030,6
122417,12365,6
122417,22789,9
122417,13535,7
122417,31173,6
122417,8516,2
122417,79,5
122417,20973,5
122417,4654,5
122417,6213,6
122417,3455,4
122417,9941,5
122417,1303,4
122417,3352,5
122417,4565,7
122417,4107,5
122417,2001,9
122417,32093,7
122417,21881,5
122417,11757,6
122417,5681,5
122417,16524,6
122417,2418,7
122417,9253,7
122417,861,7
122417,2236,7
122417,3091,8
122417,14227,6
122417,508,5
122417,2129,1
122417,5365,5
122417,34902,6
122417,17909,10
122417,34076,10
122417,10162,9
122417,33352,9
122417,6956,7
122417,25879,6
122417,10521,7
122417,33094,6
122417,6,6
122417,10716,5
122417,10715,5
122417,10714,5
122417,10713,5
122417,10294,5
122417,4224,7
122417,14813,5
122417,23847,6
122417,33161,5
122417,223,6
122417,33095,10
122417,28735,10
122417,35788,6
122417,32282,6
122417,28171,6
122417,13125,7
122417,10378,6
122417,8557,6
122417,16498,7
122417,23273,9
122417,2787,4
122417,355,4
122417,2104,7
122417,18119,6
122417,1033,8
122417,199,8
122417,4722,8
122417,8726,5
122417,3588,7
122417,21507,4
122417,7785,9
122417,550,4
122417,481,1
122417,32995,7
122417,392,8
122417,6377,7
122417,23283,5
122417,34176,5
122417,8675,6
122417,1195,5
122417,1840,4
122417,3712,4
122417,763,5
122417,764,5
122417,5300,9
122417,3228,7
122417,8934,6
122417,3470,5
122417,11319,3
122417,225,1
122417,22135,10
122417,894,3
122417,10620,6
122417,3603,2
122417,5680,7
122417,7054,5
122417,16668,7
122417,18295,5
122417,8525,7
122417,10080,7
122417,8424,5
122417,16706,7
122417,3958,5
122417,1530,5
122417,2593,5
122417,3782,6
122417,3783,6
122417,4280,6
122417,4282,7
122417,6594,8
122417,14713,5
122417,665,2
122417,31933,7
122417,26055,7
122417,11785,2
122417,21855,6
122417,32648,7
122417,15809,8
122417,27989,7
122417,5630,7
122417,934,8
122417,10408,8
122417,431,7
122417,11061,9
122417,25159,6
122417,731,5
122417,9041,3
122417,18247,2
122417,21327,5
122417,32182,9
122417,666,2
122417,14719,8
122417,20899,6
122417,572,7
122417,31859,7
122417,24439,7
122417,30915,5
122417,32268,7
122417,11771,7
122417,16894,8
122417,24415,9
122417,4898,6
122417,10893,4
122417,9756,5
122417,34599,9
122417,21863,5
122417,3572,6
122417,1887,7
122417,2034,5
122417,23321,5
122417,17265,8
122417,19489,7
122417,33489,6
122417,14349,8
122417,19703,7
122417,1430,6
122417,10721,8
122417,10110,4
122417,738,1
122417,18679,6
122417,6045,7
122417,9656,6
122417,10152,5
122417,32281,7
122417,22535,8
122417,31798,5
122417,34104,6
122417,33206,8
122417,11887,8
122417,30831,7
122417,32937,7
122417,237,7
122417,14511,7
122417,3225,1
122417,5162,6
122417,2963,6
122417,36563,6
122417,1138,4
122417,34451,8
122417,813,4
122417,31251,6
122417,164,8
122417,5341,7
122417,2966,7
122417,12355,9
122417,30276,9
122417,6512,5
122417,20507,7
122417,23623,7
122417,17549,8
122417,7769,4
122417,4477,8
122417,19815,7
122417,11597,7
122417,10165,9
122417,1210,8
122417,36038,5
122417,32,7
122417,30,7
122417,15689,7
122417,1698,9
122417,28297,7
122417,8769,6
122417,10020,6
122417,896,2
122417,897,2
122417,898,3
122417,899,2
122417,900,2
122417,901,2
122417,903,3
122417,1117,2
122417,528,2
122417,1564,3
122417,527,3
122417,10711,5
122417,1943,7
122417,31181,9
122417,29803,7
122417,19369,5
122417,853,8
122417,14749,3
122417,13659,6
122417,11665,9
122417,17074,9
122417,10379,8
122417,986,5
122417,15335,9
122417,9969,10
122417,15417,9
122417,34096,9
122417,35843,9
122417,21899,7
122417,28977,10
122417,268,8
122417,7472,6
122417,17895,5
122417,3002,7
122417,34591,9
122417,32983,9
122417,4081,9
122417,20,4
122417,23755,7
122417,457,9
122417,19,10
122417,245,9
122417,918,9
122417,23289,8
122417,31637,6
122417,28121,5
122417,32887,5
122417,27833,5
122417,23199,7
122417,27831,7
122417,2759,6
122417,3784,9
122417,3785,1
122417,7465,8
122417,10087,9
122417,11741,9
122417,317,2
122417,227,8
122417,120,4
122417,121,6
122417,5114,10
122417,239,7
122417,18229,5
122417,28907,6
122417,904,1
122417,6746,7
128491,356,6
128491,1043,8
128491,22319,7
128491,27899,7
128491,1860,9
128491,2683,9
128491,14227,7
128491,4224,8
128491,10294,9
128491,10713,9
128491,10714,9
128491,2236,9
128491,10715,9
128491,10717,9
128491,6,7
128491,177,7
128491,969,8
128491,807,8
128491,4938,9
128491,2685,9
128491,10798,8
128491,7058,8
128491,10321,6
128491,10716,9
128491,3457,7
128491,8449,6
128491,5114,9
128491,1215,8
128491,94,8
128491,1241,9
128491,2294,9
128491,20583,8
128491,13411,8
128491,12419,7
128491,10793,9
128491,507,7
128491,243,8
128491,8937,9
128491,6787,7
128491,15417,8
128491,9969,10
128491,15335,9
128491,918,10
128491,1140,7
128491,23289,7
128491,850,5
128491,4725,8
128491,2238,6
128491,430,9
128491,34096,8
128491,93,10
128491,4752,7
128491,4415,9
128491,3430,7
128491,3429,7
128491,3407,7
128491,269,9
128491,1686,7
128491,2889,9
128491,4835,8
128491,8247,10
128491,150,8
128491,10490,7
128491,1055,7
128491,31964,8
128491,1222,6
128491,11241,6
128491,1681,8
128491,6772,8
128491,8514,9
128491,6922,10
128491,9465,9
128491,9724,8
128491,10092,8
128491,14345,8
128491,819,7
128491,6956,7
128491,7059,7
128491,889,7
128491,156,8
128491,121,9
128491,339,8
128491,10308,7
128491,23201,7
128491,10483,9
128491,26213,9
128491,22265,8
128491,18507,7
128491,595,7
128491,1519,7
128491,155,5
128491,497,6
128491,18179,8
128491,24277,7
128491,23283,9
128491,14075,7
128491,5300,8
128491,2404,8
128491,3354,7
128491,7674,8
128491,9120,7
128491,553,8
128491,1689,8
128491,4654,8
128491,9941,9
128491,3092,7
128491,3731,9
128491,5781,6
128491,11013,8
128491,1230,8
128491,3210,7
128491,1956,6
128491,257,7
128491,7088,9
128491,6610,9
128491,4814,6
128491,431,8
128491,256,8
128491,8074,8
128491,2178,6
128491,6372,9
128491,5630,9
128491,5060,7
128491,4334,8
128491,5835,7
128491,9065,6
128491,6895,8
128491,10408,8
128491,25303,7
128491,953,8
128491,5680,8
128491,145,7
128491,14713,7
128491,1192,9
128491,7054,9
128491,1604,8
128491,8532,7
128491,1691,7
128491,6205,8
128491,52,7
128491,18679,7
128491,14467,9
128491,38000,8
128491,9656,7
128491,3375,6
128491,22535,9
128491,16782,7
128491,433,7
128491,8129,7
128491,11771,9
128491,16894,9
128491,24415,8
128491,16904,6
128491,6045,8
128491,12695,6
128491,16916,8
128491,6707,8
128491,536,8
128491,3588,9
128491,3470,8
128491,8934,7
128491,7705,8
128491,2418,9
128491,855,6
128491,16524,7
128491,1532,7
128491,5681,9
128491,534,7
128491,7311,7
128491,4382,6
128491,3574,9
128491,11757,7
128491,21881,8
128491,4884,9
128491,6046,8
128491,2001,8
128491,2158,10
128491,1303,7
128491,16870,8
128491,849,9
128491,4898,6
128491,2031,7
128491,35760,9
128491,17819,7
128491,8560,8
128491,149,7
128491,2034,9
128491,3572,8
128491,14513,7
128491,9756,9
128491,98,10
128491,99,7
128491,3268,8
128491,38524,10
128491,1609,8
128491,585,9
128491,10620,9
128491,2581,9
128491,3927,9
128491,6288,9
128491,5719,8
128491,154,7
128491,7724,7
128491,16498,7
128491,25777,9
128491,2985,7
128491,5356,8
128491,9252,9
128491,3087,8
128491,1122,7
128491,1121,6
128491,1120,9
128491,1117,8
128491,528,9
128491,1525,8
128491,14123,7
128491,527,9
128491,1526,8
128491,9981,7
128491,3366,8
128491,10588,7
128491,322,7
128491,746,7
128491,8795,7
128491,5530,9
128491,28927,8
128491,26243,7
128491,5682,7
128491,2201,8
128491,2847,9
128491,4026,8
128491,27821,8
128491,4535,5
128491,11123,8
128491,9926,9
128491,5774,7
128491,9202,8
128491,10073,7
128491,6500,9
128491,2605,6
128491,2993,4
128491,19315,6
128491,21339,9
128491,23281,8
128491,13601,8
128491,35848,8
128491,31559,7
128491,16680,7
128491,7695,7
128491,6178,8
128491,853,9
128491,8063,8
128491,31174,8
128491,12355,9
128491,23755,8
128491,877,9
128491,3655,8
128491,164,8
128491,3656,6
128491,2298,8
128491,2269,9
128491,864,8
128491,20,7
128491,6746,9
128491,724,7
128491,790,7
128491,2759,8
128491,3784,9
128491,3785,7
128491,7465,7
128491,9982,8
128491,12565,9
128491,226,5
128491,2472,6
128491,4437,7
128491,6325,9
128491,12859,10
128491,8740,8
128491,4155,8
128491,2148,7
128491,10049,8
128491,7592,8
128491,10161,9
128491,19815,7
128491,1210,7
128491,32,7
128491,31,8
128491,30,9
128491,3615,7
128491,15689,7
128491,6030,7
128491,4081,8
128491,13667,8
128491,10589,7
128491,8246,9
128491,23673,7
128491,199,8
128491,9201,7
128491,9745,8
128491,5081,8
128491,719,8
128491,5593,8
128491,1726,8
128491,1535,9
128491,10087,7
128491,11741,8
128491,317,8
128491,7647,7
128491,5178,9
128491,5355,9
128491,2251,9
128491,3901,9
128491,28805,9
128491,9919,8
128491,11111,8
128491,1640,6
128491,3359,8
128491,5784,6
128491,16518,7
128491,12967,7
128491,5525,8
128491,6634,9
128491,25567,7
128491,60,8
128491,1818,9
128491,8888,7
128491,15197,7
128491,1575,9
128491,2904,9
128491,11703,8
128491,15633,6
128491,1194,6
128491,16592,7
128491,2025,9
128491,4182,7
128491,7338,8
128491,6573,9
128491,6880,8
128491,23333,7
128491,227,8
128491,857,9
130588,24543,8
130588,31149,10
130588,14407,9
130588,2605,10
130588,29786,8
130588,11757,6
130588,2001,10
130588,7769,6
130588,20785,9
130588,31741,7
130588,11741,5
130588,10087,6
130588,8086,8
130588,17269,8
130588,21473,8
130588,13391,6
135187,10278,7
135187,513,8
135187,4565,8
135187,2001,10
135187,2154,9
135187,11757,8
135187,14513,8
135187,1887,9
135187,194,10
135187,3572,10
135187,2236,10
135187,15051,8
135187,19489,9
135187,33489,7
135187,14349,10
135187,18115,8
135187,22319,5
135187,32681,10
135187,523,10
135187,11977,10
135187,9756,10
135187,8557,8
135187,13125,10
135187,28171,10
135187,79,9
135187,5300,9
135187,23283,8
135187,32995,9
135187,32615,9
135187,37779,9
135187,35968,8
135187,6956,7
135187,33352,10
135187,12029,8
135187,7148,9
135187,4224,10
135187,759,10
135187,18153,8
135187,433,7
135187,416,9
135187,9617,7
135187,5680,8
135187,26055,10
135187,20899,10
135187,14719,10
135187,11013,8
135187,731,10
135187,7791,8
135187,431,9
135187,578,9
135187,28825,7
135187,849,9
135187,5681,10
135187,23327,10
135187,20057,10
135187,3588,8
135187,10408,10
135187,8525,7
135187,3958,9
135187,40839,7
135187,8129,10
135187,31804,9
135187,28623,10
135187,16782,9
135187,32937,5
135187,30831,5
135187,146,6
135187,11887,8
135187,33206,8
135187,2927,10
135187,32281,10
135187,9656,7
135187,6045,8
135187,18679,8
135187,52,10
135187,572,10
135187,667,6
135187,15005,8
135187,11979,10
135187,512,9
135187,2596,9
135187,6880,7
135187,199,10
135187,20973,10
135187,37450,10
135187,34494,10
135187,12477,8
135187,12531,10
135187,6675,10
135187,31240,9
135187,13601,9
135187,437,10
135187,322,10
135187,1943,10
135187,8795,9
135187,26243,9
135187,853,7
135187,1818,9
135187,1033,10
135187,8476,8
135187,339,9
135187,23273,10
135187,35839,10
135187,32977,6
135187,37985,7
135187,101,7
135187,47,9
135187,16201,10
135187,32828,9
135187,8676,9
135187,6547,9
135187,9989,10
135187,15039,7
135187,11111,8
135187,9919,8
135187,11737,7
135187,66,9
135187,1,8
135187,16498,9
135187,33031,10
135187,32013,7
135187,8769,8
135187,28297,8
135187,14345,8
135187,4177,9
135187,38408,8
135187,33486,10
135187,31964,9
135187,31043,10
135187,164,10
135187,33051,5
135187,37510,9
135187,32182,8
135187,8424,7
135187,585,9
135187,7059,10
135187,5081,10
135187,7817,6
135187,18397,6
135187,25777,8
135187,1689,10
135187,232,9
135187,3087,9
135187,14741,8
135187,32729,8
135187,12355,10
135187,4059,10
135187,470,8
135187,30503,10
135187,20507,10
135187,1698,7
135187,1210,7
135187,11981,10
135187,31953,8
135187,30,8
135187,597,10
135187,11665,8
135187,4081,8
135187,3001,8
135187,6351,9
135187,4181,10
135187,2167,10
135187,32,10
135187,30276,10
135187,6802,9
135187,27989,9
135187,5150,8
135187,10417,9
135187,31988,8
135187,8074,4
135187,6574,10
135187,9289,7
135187,15809,9
135187,1829,10
135187,36028,10
135187,37989,10
135187,10793,6
135187,384,9
135187,934,9
135187,5114,10
135187,2890,9
135187,9379,4
135187,28121,9
135187,3784,10
135187,3167,9
135187,2759,10
135187,227,9
135187,31376,9
135187,9314,8
135187,18507,8
135187,7465,8
147162,7669,9
147162,372,7
147162,6408,9
147162,9938,9
147162,3731,4
147162,3092,10
147162,4814,10
147162,7054,9
147162,10298,7
147162,9366,9
147162,8525,8
147162,10080,8
147162,14713,9
147162,10568,9
147162,1530,7
147162,3210,10
147162,1604,10
147162,9023,9
147162,147,5
147162,6045,10
147162,9656,10
147162,10152,8
147162,1579,8
147162,3392,8
147162,5717,8
147162,3375,10
147162,5678,9
147162,8634,10
147162,4898,8
147162,8532,9
147162,6707,8
147162,8768,9
147162,4551,7
147162,9989,10
147162,9919,10
147162,7674,9
147162,1639,5
147162,755,5
147162,1222,7
147162,1689,9
147162,232,8
147162,371,7
147162,2167,8
147162,1723,8
147162,4181,9
147162,747,10
147162,6351,8
147162,1575,8
147162,2904,9
147162,1482,10
147162,1535,10
147162,223,6
147162,813,6
147162,6746,9
147162,724,8
147162,120,10
147162,2238,10
147162,243,9
147162,507,8
147162,4059,8
147162,6547,9
147162,8560,7
147162,2034,9
147162,7695,8
147162,5774,8
147162,9926,10
147162,11123,10
147162,8063,10
147162,741,10
147162,5719,9
147162,2923,8
147162,7082,5
147162,5262,9
147162,4722,10
147162,5702,7
147162,6178,8
147162,3470,8
147162,849,7
147162,4382,7
147162,696,6
147162,9941,10
147162,4224,8
147162,2129,8
147162,7058,10
147162,10162,10
147162,10321,9
147162,3457,8
147162,4752,8
147162,5300,9
147162,7311,10
147162,149,8
147162,4026,9
147162,2201,9
147162,9756,7
147162,10721,8
147162,3655,9
147162,20,9
147162,4081,9
147162,10161,10
147162,2148,10
147162,7769,8
147162,8476,7
147162,853,10
147162,5530,9
147162,6896,8
147162,2847,8
147162,5391,5
147162,527,9
147162,1564,8
147162,1565,8
147162,2363,6
147162,528,9
147162,1117,9
147162,1118,7
147162,1119,6
147162,1120,8
147162,1121,8
147162,8481,9
147162,1526,9
147162,4866,5
147162,101,7
147162,1122,6
147162,5525,10
170585,205,10
170585,168,7
170585,4214,8
170585,2993,9
170585,20,9
170585,2926,7
170585,133,10
170585,6574,6
170585,3702,8
170585,63,9
170585,68,5
170585,24,7
170585,2002,9
170585,61,6
170585,846,6
174945,93,8
174945,94,8
174945,90,9
174945,31251,9
174945,33051,9
174945,37926,6
174945,40460,6
174945,840,8
174945,38924,8
174945,34658,8
174945,30,9
174945,32,9
174945,10165,8
174945,10808,8
174945,6288,8
174945,3927,9
174945,2581,9
174945,32380,9
174945,38040,9
174945,9834,8
174945,15051,9
174945,19111,9
174945,32526,8
174945,19815,8
174945,34973,8
174945,24997,10
174945,193,7
174945,39071,8
174945,273,9
174945,335,8
174945,35078,9
174945,37027,8
174945,25161,10
174945,12001,10
174945,9999,10
174945,36632,5
174945,1094,10
174945,466,10
174945,5252,10
174945,1237,10
174945,2020,10
174945,1238,10
174945,16143,10
174945,16468,10
174945,37902,10
174945,31289,10
174945,15323,10
174945,19123,10
174945,16239,10
174945,36215,10
174945,28683,10
174945,32051,10
174945,31490,10
174945,4155,10
174945,8740,10
174945,12859,10
174945,459,10
174945,38234,10
174945,34626,9
174945,460,10
174945,462,10
174945,463,10
174945,464,10
174945,465,10
174945,2107,10
174945,3848,10
174945,461,10
174945,32937,9
174945,30831,9
174945,31952,6
174945,27631,8
174945,38333,10
174945,33280,10
174945,29787,10
174945,21273,10
174945,24765,8
174945,344,7
174945,121,9
174945,40206,8
174945,38084,8
174945,3785,8
174945,2759,9
174945,38691,8
174945,11843,9
174945,61,8
174945,16934,8
174945,18671,8
174945,298,7
174945,6547,8
174945,38328,8
174945,12079,8
174945,7059,8
174945,11285,8
174945,37245,8
174945,31043,8
174945,31553,7
174945,35821,6
174945,16157,8
174945,60,8
174945,14741,8
174945,35608,9
174945,28999,8
174945,329,8
174945,40192,8
174945,19319,8
174945,39388,8
174945,37475,9
174945,486,8
174945,32686,8
174945,39198,8
174945,427,8
174945,6862,8
174945,9734,8
174945,7791,8
174945,9617,8
174945,5680,8
174945,13331,8
174945,12413,8
174945,37991,9
174945,31933,9
174945,26055,9
174945,20899,9
174945,24625,8
174945,23259,7
174945,266,8
174945,37555,7
174945,38268,6
174945,15809,10
174945,40942,8
174945,27989,10
174945,22835,9
174945,37614,9
174945,257,7
174945,34542,8
174945,38790,8
174945,14719,9
174945,31988,10
174945,27775,8
174945,3784,9
174945,31240,8
174945,17699,8
174945,11787,8
174945,6941,8
174945,37722,8
174945,37521,9
174945,38851,8
174945,39668,8
174945,37993,9
174945,202,8
174945,10074,8
174945,14813,9
174945,23847,9
174945,33161,8
174945,32615,8
174945,37055,8
174945,35507,9
174945,25519,8
174945,34445,8
174945,23283,8
174945,610,7
174945,18753,7
174945,10033,9
174945,34284,9
174945,35589,8
174945,759,9
174945,36286,7
174945,38414,7
174945,11751,8
174945,32836,8
174945,15793,8
174945,21573,8
174945,32843,9
174945,169,8
174945,25835,9
174945,114,9
174945,35839,9
174945,37804,9
174945,39597,8
174945,36474,8
174945,20021,8
174945,21881,9
174945,11757,9
174945,29163,9
174945,31765,9
174945,2001,9
233582,38483,5
233582,38787,6
233582,199,9
233582,35466,9
233582,30015,9
233582,39587,8
233582,31240,8
233582,22135,10
233582,437,8
233582,35247,9
233582,31181,9
233582,40839,9
233582,7711,7
233582,572,9
233582,16662,9
233582,18679,10
233582,21659,9
233582,38000,9
233582,32281,10
233582,36098,10
233582,33206,8
233582,28851,9
233582,34984,8
233582,11887,6
233582,16001,6
233582,15227,9
233582,1689,7
233582,2167,8
233582,4181,9
233582,10029,9
233582,23273,9
233582,17397,6
233582,16498,9
233582,35760,9
233582,42668,7
233582,24133,7
233582,37993,6
233582,35968,8
233582,37786,9
233582,14813,9
233582,39547,8
233582,23847,8
233582,38610,6
233582,38826,8
233582,38101,7
233582,16201,8
233582,6547,8
233582,10067,6
233582,6164,9
233582,36214,7
233582,66,7
233582,38328,6
233582,7817,8
233582,5081,9
233582,38186,6
233582,34148,5
233582,39710,6
233582,36999,8
233582,4382,8
233582,849,8
233582,7311,9
233582,39575,8
233582,38524,9
233582,25777,9
233582,40716,8
233582,11843,7
233582,37982,8
233582,3488,5
233582,227,8
233582,743,9
233582,41226,6
233582,201,8
233582,30831,8
233582,32937,8
233582,38040,8
233582,16782,8
233582,32268,7
233582,416,9
233582,32949,7
233582,16353,7
233582,1887,7
233582,40571,6
233582,512,8
233582,9335,6
233582,38778,7
233582,585,9
233582,32182,10
233582,37510,10
233582,39651,9
233582,17074,9
233582,164,10
233582,597,8
233582,30,8
233582,1210,9
233582,10165,9
233582,11597,9
233582,36028,8
233582,1535,10
233582,37989,9
233582,35237,7
233582,38668,10
233582,16742,8
233582,513,10
233582,2236,9
233582,22319,8
233582,27899,7
233582,36511,5
233582,37799,5
233582,523,9
233582,41389,8
233582,4224,8
233582,34822,9
233582,34933,7
233582,40591,7
233582,37999,8
233582,16664,8
233582,5680,7
233582,38295,6
233582,431,9
233582,578,8
233582,33241,7
233582,37614,8
233582,28825,6
233582,38422,6
233582,21877,7
233582,11617,7
233582,15809,7
233582,21855,8
233582,27969,9
233582,34403,7
233582,37086,7
257433,33506,8
257433,11737,8
257433,21405,5
257433,24151,5
257433,21995,6
257433,30654,9
257433,24833,8
257433,14967,8
257433,14345,7
257433,1689,8
257433,12293,9
257433,28999,6
257433,14741,7
257433,30205,5
257433,9919,6
257433,37171,10
257433,36456,8
257433,4999,5
257433,18671,7
257433,10719,8
257433,36896,7
257433,38408,8
257433,33486,7
257433,31964,7
257433,31043,7
257433,9736,5
257433,18441,7
257433,269,8
257433,20787,6
257433,31904,4
257433,5081,10
257433,8516,7
257433,6347,7
257433,7817,6
257433,11633,8
257433,2167,5
257433,20545,3
257433,2904,10
257433,487,6
257433,241,5
257433,7472,7
257433,27633,6
257433,23289,7
257433,18677,4
257433,18001,7
257433,9367,6
257433,8536,4
257433,11741,9
257433,10087,9
257433,28701,9
257433,22297,8
257433,14829,7
257433,38084,9
257433,23079,5
257433,21431,5
257433,17895,7
257433,2494,4
257433,31240,8
257433,34561,7
257433,30296,6
257433,10611,3
257433,19315,3
257433,35848,7
257433,31859,8
257433,33047,6
257433,15729,7
257433,10417,5
257433,10793,10
257433,17729,6
257433,881,8
257433,133,6
257433,37105,10
257433,8425,9
257433,13161,6
257433,1575,10
257433,34662,8
257433,27831,8
257433,1535,10
257433,34497,4
257433,17641,7
257433,36633,6
257433,22961,8
257433,19163,7
257433,15583,6
257433,35849,6
257433,6747,5
257433,12549,6
257433,35073,8
257433,29803,7
257433,36027,5
257433,15037,6
257433,9479,5
257433,33988,7
257433,10155,7
257433,11783,7
257433,16385,8
257433,23199,8
257433,27833,8
257433,6746,6
257433,30240,8
257433,27775,8
257433,11179,6
257433,37347,7
257433,32901,6
257433,28121,7
257433,35247,10
257433,31181,8
257433,28927,7
257433,26243,7
257433,37675,8
257433,2795,5
257433,38691,8
257433,11433,6
257433,9989,8
257433,40497,6
257433,24531,5
257433,18247,6
257433,9041,6
257433,6811,9
257433,451,8
257433,8407,8
257433,249,8
257433,17831,6
257433,25159,6
257433,12175,6
257433,11887,6
257433,13367,6
257433,15609,6
257433,30831,8
257433,32937,8
257433,38040,7
257433,8841,8
257433,10790,7
257433,28623,7
257433,32268,8
257433,18153,7
257433,22057,5
257433,20457,6
257433,7088,6
257433,10079,4
257433,24231,4
257433,37210,4
257433,20853,5
257433,21327,5
257433,26441,7
257433,28851,8
257433,31758,10
257433,31757,9
257433,9260,9
257433,31798,6
257433,7593,7
257433,22535,9
257433,40595,5
257433,32281,8
257433,17741,5
257433,38000,8
257433,34451,9
257433,24439,8
257433,6205,5
257433,1691,5
257433,35860,8
257433,3503,5
257433,19685,3
257433,15117,9
257433,16706,9
257433,10080,8
257433,8525,7
257433,40591,8
257433,37999,8
257433,35639,7
257433,9750,3
257433,9515,8
257433,8074,8
257433,15451,7
257433,14199,5
257433,23673,5
257433,28299,5
257433,2966,7
257433,5341,8
257433,32729,6
257433,28297,7
257433,8769,5
257433,13659,6
257433,14749,6
257433,19221,4
257433,6682,3
257433,31646,8
257433,35180,9
257433,38101,8
257433,50,6
257433,880,7
257433,11759,8
257433,32323,4
257433,30123,5
257433,22199,5
257433,29513,6
257433,5112,8
257433,8676,7
257433,11235,8
257433,20931,5
257433,30276,8
257433,23227,8
257433,20541,7
257433,34281,6
257433,24703,6
257433,11617,8
257433,15225,6
257433,37141,7
257433,15809,7
257433,21855,8
257433,21241,6
257433,17265,8
257433,23321,8
257433,17247,6
257433,21415,6
257433,6547,8
257433,24455,4
257433,14513,8
257433,157,5
257433,20785,8
257433,30015,7
257433,9936,5
257433,11209,8
257433,15565,4
257433,21863,7
257433,14833,7
257433,10397,6
257433,10110,8
257433,21603,8
257433,18115,7
257433,18039,8
257433,21373,6
257433,32951,4
257433,22663,3
257433,2476,2
257433,11499,6
257433,13759,7
257433,32542,9
257433,17777,3
257433,39701,6
257433,30749,4
257433,2926,4
257433,23277,8
257433,21561,5
257433,31722,6
257433,20,8
257433,1735,9
257433,12467,5
257433,15689,7
257433,31404,4
257433,18897,7
257433,24227,7
257433,27787,8
257433,11597,8
257433,19815,8
257433,24991,7
257433,33674,8
257433,45,8
257433,4214,6
257433,2993,6
257433,6500,6
257433,10073,6
257433,34577,8
257433,23755,7
257433,9181,7
257433,30307,5
257433,17074,9
257433,15315,7
257433,94,8
257433,93,8
257433,16762,8
257433,10620,8
257433,12783,9
257433,5958,8
257433,33502,7
257433,1836,7
257433,28497,7
257433,1699,7
257433,79,7
257433,30363,6
257433,23233,5
257433,25777,5
257433,16498,7
257433,28069,7
257433,23273,8
257433,15119,3
257433,5277,8
257433,4063,9
257433,20847,8
257433,8675,7
257433,37450,7
257433,1722,3
257433,28171,7
257433,20507,8
257433,30727,8
257433,3457,5
257433,28025,9
257433,25157,5
257433,4224,7
257433,18139,6
257433,16866,6
257433,14227,7
257433,16011,6
257433,27899,8
257433,22319,8
257433,13851,8
257433,28979,8
257433,13663,8
257433,3455,7
257433,16870,8
257433,31430,6
257433,34902,7
257433,22687,8
257433,30503,8
257433,18245,7
257433,1195,7
257433,11319,8
257433,1840,7
257433,3712,8
257433,36999,9
257433,32615,6
257433,8861,3
257433,24627,7
257433,28677,8
257433,23847,8
257433,18753,8
257433,39547,8
257433,14813,8
257433,22117,7
257433,21085,7
257433,33352,6
257433,37430,7
257433,31442,6
257433,12445,9
257433,35790,8
257433,9790,8
257433,18277,7
257433,7858,8
257433,33286,6
257433,11757,7
257433,28819,5
257433,11933,9
257433,6512,5
257433,24175,7
257433,18095,4
257433,6324,5
257433,21881,7
257433,16099,5
257433,20021,6
257433,39597,8
257433,36474,8
260591,513,9
260591,2104,9
260591,170,9
260591,1764,8
260591,2499,8
260591,2498,8
260591,3588,9
260591,75,8
260591,5355,9
260591,854,7
260591,5681,10
260591,849,9
260591,407,9
260591,1861,8
260591,199,10
260591,759,8
260591,2236,9
260591,4224,8
260591,6,9
260591,5365,8
260591,5763,10
260591,4896,9
260591,180,8
260591,181,9
260591,392,9
260591,1195,9
260591,1840,9
260591,763,9
260591,2404,7
260591,5909,7
260591,2001,10
260591,166,7
260591,187,9
260591,110,8
260591,4186,7
260591,3087,7
260591,4981,8
260591,5675,9
260591,18,9
260591,186,9
260591,136,9
260591,5680,9
260591,590,8
260591,990,8
260591,3958,9
260591,1004,6
260591,1579,9
260591,433,8
260591,2985,9
260591,888,7
260591,585,9
260591,2581,9
260591,3927,10
260591,93,9
260591,94,8
260591,1241,10
260591,90,8
260591,2273,8
260591,1575,9
260591,81,7
260591,2904,10
260591,2398,8
260591,138,9
260591,139,9
260591,137,8
260591,185,9
260591,5998,9
260591,578,9
260591,256,10
260591,5258,9
260591,265,8
260591,264,9
260591,263,9
260591,3002,9
260591,7661,10
260591,240,8
260591,1858,10
260591,2890,7
260591,430,9
260591,5114,10
260591,121,9
260591,71,8
260591,1317,9
260591,15,10
260591,3167,10
260591,563,8
260591,2397,8
260591,1535,8
260591,164,9
260591,431,9
260591,569,9
260591,5081,10
260591,6347,10
260591,3901,9
260591,2251,10
260591,7193,7
260591,6547,10
260591,4477,9
260591,5040,9
260591,2986,8
260591,4155,9
260591,464,9
260591,1469,9
260591,5252,9
260591,2112,9
260591,770,10
260591,5530,9
260591,5682,8
260591,238,9
260591,462,9
260591,1699,9
260591,45,9
260591,4437,9
260591,597,9
260591,6325,9
260591,1698,9
260591,6187,7
260591,5690,10
260591,2472,10
260591,30,8
260591,32,9
260591,761,9
260591,2144,7
260591,936,9
260591,442,10
260591,20,9
261316,34382,7
261316,34280,8
261316,4725,8
261316,5114,10
261316,10087,9
261316,27821,10
261316,28701,10
261316,22297,10
261316,25537,10
261316,356,9
261316,34321,7
261316,25183,8
261316,22043,9
261316,226,8
261316,2924,8
261316,27831,9
261316,23199,9
261316,27833,9
261316,6746,9
261316,28121,8
261316,813,9
261316,225,9
261316,223,9
261316,6702,9
261316,27631,8
261316,17895,10
261316,10793,8
261316,31758,10
261316,31757,10
261316,9260,10
261316,22535,10
261316,32281,10
261316,38000,10
261316,40839,10
261316,40221,10
261316,37086,10
261316,34933,10
261316,40591,10
261316,37999,10
261316,12189,8
261316,11061,10
261316,10408,10
261316,8074,8
261316,15451,8
261316,24703,8
261316,11617,8
261316,38883,10
261316,32935,10
261316,20583,10
261316,31859,10
261316,38691,10
261316,28851,10
261316,31163,8
261316,16512,7
261316,11285,8
261316,20787,7
261316,5081,10
261316,28805,10
261316,9919,8
261316,11111,10
261316,15039,10
261316,9989,10
261316,6547,7
261316,22147,8
261316,32086,7
261316,27655,9
261316,8577,7
261316,6987,7
261316,25013,10
261316,22199,7
261316,30123,8
261316,33253,10
261316,31580,9
261316,25397,6
261316,35180,10
261316,31646,10
261316,22729,9
261316,269,8
261316,34618,9
261316,31043,7
261316,28223,10
261316,1535,9
261316,6880,9
261316,35849,9
261316,1,9
261316,2904,10
261316,1575,10
261316,34437,10
261316,4181,10
261316,1723,7
261316,2167,9
261316,60,8
261316,28999,8
261316,10578,6
261316,1689,8
261316,34944,9
261316,32867,10
261316,31478,9
261316,1222,8
261316,38408,10
261316,36456,10
261316,33486,10
261316,31964,10
261316,18689,10
261316,34984,10
261316,11741,10
261316,250,9
261316,39597,8
261316,36474,9
261316,31765,9
261316,21881,8
261316,36475,7
261316,11757,8
261316,14289,8
261316,18277,7
261316,30484,10
261316,9253,10
261316,40540,7
261316,3588,7
261316,36949,10
261316,35788,10
261316,32282,10
261316,28171,10
261316,23233,8
261316,38524,10
261316,35760,10
261316,25777,10
261316,16498,10
261316,23273,10
261316,39940,10
261316,2001,9
261316,38826,10
261316,41353,9
261316,31245,7
261316,3712,8
261316,1840,9
261316,11319,8
261316,1195,8
261316,23283,8
261316,32995,9
261316,481,9
261316,37779,10
261316,23847,10
261316,39547,10
261316,14813,10
261316,35968,9
261316,37095,10
261316,39741,10
261316,33352,10
261316,34822,10
261316,25157,7
261316,41389,10
261316,27899,8
261316,28725,8
261316,21353,6
261316,2236,9
261316,34240,9
261316,199,8
261316,22319,8
261316,35851,10
261316,35946,8
261316,23755,9
261316,3342,8
261316,10620,8
261316,35062,10
261316,20785,6
261316,11981,10
261316,9756,10
261316,14513,10
261316,18115,10
261316,34599,10
261316,37027,10
261316,32526,10
261316,19111,10
261316,15051,10
261316,18153,7
261316,11771,8
261316,28623,8
261316,43,9
261316,16782,9
261316,32937,10
261316,30831,10
261316,37450,9
261316,34577,9
261316,31722,7
261316,34973,10
261316,15689,10
261316,13759,9
261316,20,8
261316,45,10
261316,39587,10
261316,36286,10
261316,31240,10
261316,30296,7
261316,27775,10
261316,36023,10
261316,437,9
261316,28927,7
261316,26243,7
261316,33926,9
261316,29803,8
261316,12355,10
261316,30276,10
261316,30503,10
261316,20507,10
261316,33674,10
261316,19815,10
261316,11597,10
261316,27787,8
261316,18897,8
311911,37675,7
311911,4472,8
311911,35073,8
311911,23321,8
311911,37976,8
311911,1887,8
311911,34134,7
311911,8769,7
311911,28297,8
311911,31704,8
311911,31772,8
311911,30276,9
311911,28819,7
311911,24135,8
311911,33674,8
311911,19815,8
311911,13659,7
311911,16353,8
311911,22319,8
311911,17265,8
311911,1210,8
311911,10165,8
311911,8857,8
311911,18897,8
311911,27787,8
311911,11597,8
311911,32093,8
311911,21881,7
311911,11757,7
311911,19211,7
311911,16524,8
311911,10863,7
311911,15689,7
311911,32188,7
311911,30484,8
311911,9253,9
311911,20,8
311911,16067,8
311911,21329,8
311911,28957,8
311911,24687,8
311911,24701,8
311911,21939,8
311911,457,8
311911,30307,6
311911,2246,8
311911,11577,8
311911,31764,8
311911,18849,8
311911,20651,8
311911,27899,8
311911,36511,7
311911,14227,8
311911,37579,8
311911,18139,8
311911,20977,8
311911,24365,8
311911,4224,9
311911,28025,8
311911,30901,8
311911,37521,9
311911,14813,8
311911,23847,7
311911,28677,8
311911,32615,8
311911,37055,8
311911,34534,8
311911,4654,7
311911,37430,8
311911,35790,8
311911,36538,8
311911,34591,8
311911,36275,8
311911,32983,8
311911,4081,8
311911,10379,8
311911,11665,8
311911,17074,8
311911,31181,8
311911,37510,7
311911,36563,7
311911,22877,7
311911,21033,6
311911,2605,8
311911,11499,8
311911,13759,7
311911,34494,8
311911,30727,8
311911,23277,8
311911,32951,7
311911,28497,8
311911,2236,8
311911,39587,8
311911,37450,7
311911,36286,7
311911,34561,7
311911,30296,7
311911,6114,8
311911,33926,8
311911,30240,8
311911,35247,8
311911,3712,7
311911,14075,7
311911,5300,8
311911,36999,8
311911,3228,8
311911,18153,7
311911,31240,9
311911,199,9
311911,339,7
311911,2104,7
311911,3588,8
311911,31845,6
311911,33487,8
311911,20785,7
311911,35507,8
311911,23283,8
311911,11981,9
311911,11979,8
311911,11977,8
311911,38256,7
311911,14513,8
311911,34599,8
311911,1195,8
311911,11319,8
311911,1840,7
311911,39575,8
311911,33433,7
311911,35838,8
311911,18857,7
311911,35788,8
311911,32282,8
311911,28171,8
311911,25777,7
311911,16498,7
311911,29786,7
311911,10083,7
311911,7724,8
311911,32182,8
311911,30015,8
311911,29803,8
311911,486,8
311911,38408,8
311911,36456,8
311911,33486,8
311911,31964,8
311911,31043,9
311911,34618,8
311911,10719,7
311911,10396,7
311911,9513,8
311911,39195,8
311911,4872,7
311911,32828,7
311911,22199,7
311911,34881,8
311911,9120,7
311911,11759,8
311911,14967,7
311911,28999,8
311911,20031,8
311911,2904,9
311911,1575,8
311911,16934,8
311911,27601,8
311911,18671,8
311911,14345,8
311911,14741,8
311911,4975,7
311911,5081,8
311911,3002,8
311911,29095,6
311911,17729,6
311911,17895,8
311911,35821,8
311911,25397,6
311911,32998,8
311911,35180,9
311911,6421,7
311911,5114,8
311911,32801,7
311911,37347,7
311911,28121,7
311911,35079,7
311911,24765,8
311911,31339,7
311911,28249,7
311911,31821,7
311911,37171,8
311911,8475,8
311911,6347,8
311911,8516,8
311911,24833,7
311911,30544,7
311911,11701,7
311911,11111,8
311911,31646,9
311911,22147,8
311911,30206,8
311911,6547,7
311911,9062,7
311911,10067,8
311911,9989,9
311911,15039,7
311911,39576,8
311911,37349,8
311911,23289,8
311911,31637,7
311911,28907,8
311911,31737,7
311911,11433,7
311911,2025,7
311911,4182,7
311911,7674,7
311911,25159,7
311911,8841,8
311911,38040,8
311911,32937,8
311911,30831,8
311911,31952,7
311911,16001,7
311911,11887,7
311911,28851,8
311911,31758,8
311911,31757,8
311911,9260,8
311911,31798,8
311911,40815,8
311911,35557,8
311911,16782,7
311911,31338,7
311911,13469,7
311911,35849,7
311911,34542,8
311911,37210,6
311911,38472,7
311911,39988,7
311911,29785,7
311911,14719,8
311911,5680,8
311911,7791,8
311911,9734,7
311911,6862,7
311911,37999,8
311911,8525,8
311911,12189,8
311911,32268,9
311911,28623,8
311911,16894,8
311911,469,7
311911,39468,8
311911,38422,8
311911,32686,8
311911,38000,8
311911,39570,7
311911,11771,8
311911,21877,7
311911,15809,8
311911,32281,9
311911,21855,7
311911,35889,7
311911,31859,8
311911,22535,8
311911,15225,7
311911,10080,8
311911,16706,7
311911,32949,8
311911,15583,6
311911,1535,9
311911,28223,8
311911,38691,9
321067,894,6
321067,30694,8
321067,813,9
321067,36946,9
321067,30544,7
321067,14837,7
321067,35757,7
321067,32936,7
321067,31637,7
321067,32071,8
321067,34280,8
321067,31737,7
321067,6033,7
321067,9367,6
321067,35972,7
321067,30778,7
321067,32051,7
321067,22043,9
321067,32901,8
321067,32608,7
321067,32801,7
321067,32887,7
321067,12231,7
321067,986,7
321067,25389,8
321067,901,6
321067,37520,8
321067,19163,7
321067,31163,7
321067,32365,7
321067,32023,7
321067,31478,7
321067,32867,7
321067,33475,8
321067,12293,7
321067,17269,8
321067,10578,7
321067,28999,8
321067,37823,7
321067,1482,7
321067,32370,7
321067,31636,7
321067,36049,7
321067,12549,6
321067,30127,5
321067,26349,6
321067,29067,5
321067,11843,8
321067,15583,7
321067,918,7
321067,31289,9
321067,6880,6
321067,34497,7
321067,33988,7
321067,8086,9
321067,35120,7
321067,31710,6
321067,9969,5
321067,248,7
321067,37349,8
321067,28819,7
321067,28755,8
321067,31490,7
321067,4155,8
321067,31741,7
321067,24455,7
321067,17247,7
321067,6512,7
321067,36522,7
321067,24011,7
321067,10456,7
321067,25283,7
321067,4898,7
321067,31658,8
321067,34712,7
321067,28623,7
321067,33605,7
321067,32937,7
321067,31404,7
321067,6030,7
321067,23755,7
321067,15315,7
321067,37510,8
321067,32182,6
321067,10620,7
321067,33487,7
321067,10213,7
321067,31764,8
321067,32900,7
321067,19769,7
321067,14513,7
321067,38198,7
321067,34577,9
321067,34414,7
321067,1735,9
321067,6325,8
321067,20785,8
321067,30831,7
321067,13367,7
321067,36548,7
321067,11061,8
321067,35333,7
321067,33421,7
321067,33204,8
321067,9515,7
321067,12859,8
321067,8630,7
321067,7088,7
321067,15225,7
321067,261,7
321067,260,7
321067,34403,7
321067,13161,8
321067,29093,8
321067,40052,9
321067,17895,8
321067,262,7
321067,34542,7
321067,5781,8
321067,35203,7
321067,28851,9
321067,8740,9
321067,9260,7
321067,31798,7
321067,22535,7
321067,32281,10
321067,34451,7
321067,1691,7
321067,33018,5
321067,1604,8
321067,1530,8
321067,10568,9
321067,34933,7
321067,24873,8
321067,28387,7
321067,863,5
321067,25429,8
321067,34096,7
321067,14967,7
321067,16870,8
321067,35712,7
321067,28617,7
321067,32360,7
321067,33926,8
321067,10611,8
321067,30296,8
321067,28619,7
321067,34561,6
321067,31240,7
321067,35466,7
321067,18039,9
321067,32951,7
321067,30749,7
321067,33255,7
321067,34612,7
321067,17777,7
321067,32542,7
321067,205,7
321067,21843,7
321067,29786,8
321067,1559,8
321067,154,7
321067,2787,7
321067,2104,7
321067,32485,8
321067,37450,8
321067,10073,6
321067,21033,7
321067,9736,7
321067,6166,7
321067,31754,6
321067,22663,7
321067,22877,7
321067,25777,8
321067,31559,7
321067,37675,7
321067,30276,10
321067,1292,8
321067,32323,7
321067,31580,8
321067,33253,8
321067,22199,7
321067,6987,6
321067,31588,7
321067,6547,8
321067,9989,8
321067,11111,7
321067,24833,7
321067,30654,7
321067,9919,7
321067,33506,7
321067,30205,6
321067,11759,7
321067,35073,7
321067,19369,7
321067,34262,7
321067,36027,8
321067,9922,7
321067,14749,8
321067,527,6
321067,13659,7
321067,9587,6
321067,14199,6
321067,41380,8
321067,6682,7
321067,32998,8
321067,25397,7
321067,25099,9
321067,35760,7
321067,38524,9
321067,32282,8
321067,10798,7
321067,11531,7
321067,31098,7
321067,14813,6
321067,23847,7
321067,8861,6
321067,35507,8
321067,204,6
321067,23283,7
321067,34176,7
321067,32827,8
321067,10196,7
321067,6347,6
321067,5081,7
321067,34443,7
321067,36649,8
321067,9513,9
321067,36456,8
321067,33486,9
321067,31964,8
321067,31043,8
321067,10490,8
321067,11633,9
321067,479,7
321067,269,8
321067,22547,7
321067,889,7
321067,20787,8
321067,31904,7
321067,34055,9
321067,32379,7
321067,32086,7
321067,25157,8
321067,26443,8
321067,4224,8
321067,36475,8
321067,11757,9
321067,33286,8
321067,18277,9
321067,9253,7
321067,23327,7
321067,21881,7
321067,20057,7
321067,3588,8
321067,35629,7
321067,33834,7
321067,32175,7
321067,36949,8
321067,35788,7
321067,32105,7
321067,10719,7
321067,31765,7
321067,27783,8
321067,37799,8
321067,36511,8
321067,27899,9
321067,22319,9
321067,36432,7
321067,8937,8
321067,36474,7
321067,4654,6
321067,34009,7
321067,37430,7
321067,2001,7
321067,35790,8
321067,32093,7
321067,29758,8
321067,28979,6
321067,32262,7
321067,31772,8
